URL	ID	DE	EN	FR	ES	IT	NL
https://www.ral-farben.de/out/ralfarben/img/thumbs/classic-1.png	RAL 1000	Grünbeige	Green beige	Beige vert	Beige verdoso	Beige verdastro	Groenbeige
https://www.ral-farben.de/out/ralfarben/img/thumbs/classic-2.png	RAL 1001	Beige					
https://www.ral-farben.de/out/ralfarben/img/thumbs/classic-3.png	RAL 1002	Sandgelb	Sand yellow	Jaune sable	Amarillo arena	Giallo sabbia	Zandgeel
https://www.ral-farben.de/out/ralfarben/img/thumbs/classic-4.png	RAL 1003	Signalgelb	Signal yellow	Jaune de sécurité	Amarillo señales	Giallo segnale	Signaalgeel
https://www.ral-farben.de/out/ralfarben/img/thumbs/classic-5.png	RAL 1004	Goldgelb	Golden yellow	Jaune or	Amarillo oro	Giallo oro	Goudgeel
https://www.ral-farben.de/out/ralfarben/img/thumbs/classic-6.png	RAL 1005	Honiggelb	Honey yellow	Jaune miel	Amarillo miel	Giallo miele	Honinggeel
https://www.ral-farben.de/out/ralfarben/img/thumbs/classic-7.png	RAL 1006	Maisgelb	Maize yellow	Jaune maïs	Amarillo maiz	Giallo polenta	Maisgeel
https://www.ral-farben.de/out/ralfarben/img/thumbs/classic-8.png	RAL 1007	Narzissengelb	Daffodil yellow	Jaune narcisse	Amarillo narciso	Giallo narciso	Narcissengeel
https://www.ral-farben.de/out/ralfarben/img/thumbs/classic-9.png	RAL 1011	Braunbeige	Brown beige	Beige brun	Beige pardo	Beige marrone	Bruinbeige
https://www.ral-farben.de/out/ralfarben/img/thumbs/classic-10.png	RAL 1012	Zitronengelb	Lemon yellow	Jaune citron	Amarillo limón	Giallo limone	Citroengeel
https://www.ral-farben.de/out/ralfarben/img/thumbs/classic-11.png	RAL 1013	Perlweiß	Oyster white	Blanc perlé	Blanco perla	Bianco perla	Parelwit
https://www.ral-farben.de/out/ralfarben/img/thumbs/classic-12.png	RAL 1014	Elfenbein	Ivory	Ivoire	Marfil	Avorio	Ivoorkleurig
https://www.ral-farben.de/out/ralfarben/img/thumbs/classic-13.png	RAL 1015	Hellelfenbein	Light ivory	Ivoire clair	Marfil claro	Avorio chiaro	Licht ivoorkleurig
https://www.ral-farben.de/out/ralfarben/img/thumbs/classic-14.png	RAL 1016	Schwefelgelb	Sulfur yellow	Jaune soufre	Amarillo azufre	Giallo zolfo	Zwavelgeel
https://www.ral-farben.de/out/ralfarben/img/thumbs/classic-15.png	RAL 1017	Safrangelb	Saffron yellow	Jaune safran	Amarillo azafrán	Giallo zafferano	Saffraangeel
https://www.ral-farben.de/out/ralfarben/img/thumbs/classic-16.png	RAL 1018	Zinkgelb	Zinc yellow	Jaune zinc	Amarillo de zinc	Giallo zinco	Zinkgeel
https://www.ral-farben.de/out/ralfarben/img/thumbs/classic-17.png	RAL 1019	Graubeige	Grey beige	Beige gris	Beige agrisado	Beige grigiastro	Grijsbeige
https://www.ral-farben.de/out/ralfarben/img/thumbs/classic-18.png	RAL 1020	Olivgelb	Olive yellow	Jaune olive	Amarillo oliva	Giallo olivastro	Olijfgeel
https://www.ral-farben.de/out/ralfarben/img/thumbs/classic-19.png	RAL 1021	Rapsgelb	Colza yellow	Jaune colza	Amarillo colza	Giallo navone	Koolzaadgeel
https://www.ral-farben.de/out/ralfarben/img/thumbs/classic-20.png	RAL 1023	Verkehrsgelb	Traffic yellow	Jaune signalisation	Amarillo tráfico	Giallo traffico	Verkeersgeel
https://www.ral-farben.de/out/ralfarben/img/thumbs/classic-21.png	RAL 1024	Ockergelb	Ochre yellow	Jaune ocre	Amarillo ocre	Giallo ocra	Okergeel
https://www.ral-farben.de/out/ralfarben/img/thumbs/classic-22.png	RAL 1026	Leuchtgelb	Luminous yellow	Jaune brillant	Amarillo brillante	Giallo brillante	Briljantgeel
https://www.ral-farben.de/out/ralfarben/img/thumbs/classic-23.png	RAL 1027	Currygelb	Curry	Jaune curry	Amarillo curry	Giallo curry	Kerriegeel
https://www.ral-farben.de/out/ralfarben/img/thumbs/classic-24.png	RAL 1028	Melonengelb	Melon yellow	Jaune melon	Amarillo melón	Giallo melone	Meloengeel
https://www.ral-farben.de/out/ralfarben/img/thumbs/classic-25.png	RAL 1032	Ginstergelb	Broom yellow	Jaune genêt	Amarillo retama	Giallo scopa	Bremgeel
https://www.ral-farben.de/out/ralfarben/img/thumbs/classic-26.png	RAL 1033	Dahliengelb	Dahlia yellow	Jaune dahlia	Amarillo dalia	Giallo dahlien	Dahliageel
https://www.ral-farben.de/out/ralfarben/img/thumbs/classic-27.png	RAL 1034	Pastellgelb	Pastel yellow	Jaune pastel	Amarillo pastel	Giallo pastello	Pastelgeel
https://www.ral-farben.de/out/ralfarben/img/thumbs/classic-28.png	RAL 1035	Perlbeige	Pearl beige	Beige nacré	Beige perlado	Beige perlato	Parelmoer grijs
https://www.ral-farben.de/out/ralfarben/img/thumbs/classic-29.png	RAL 1036	Perlgold	Pearl gold	Or nacré	Oro perlado	Oro perlato	Parelmoer goud
https://www.ral-farben.de/out/ralfarben/img/thumbs/classic-30.png	RAL 1037	Sonnengelb	Sun yellow	Jaune soleil	Amarillo sol	Giallo sole	Zonnegeel
https://www.ral-farben.de/out/ralfarben/img/thumbs/classic-31.png	RAL 2000	Gelborange	Yellow orange	Orangé jaune	Amarillo naranja	Arancio giallastro	Geeloranje
https://www.ral-farben.de/out/ralfarben/img/thumbs/classic-32.png	RAL 2001	Rotorange	Red orange	Orangé rouge	Rojo anaranjado	Arancio rossastro	Roodoranje
https://www.ral-farben.de/out/ralfarben/img/thumbs/classic-33.png	RAL 2002	Blutorange	Vermilion	Orangé sang	Naranja sanguineo	Arancio sanguigno	Vermiljoen
https://www.ral-farben.de/out/ralfarben/img/thumbs/classic-34.png	RAL 2003	Pastellorange	Pastel orange	Orangé pastel	Naranja pálido	Arancio pastello	Pasteloranje
https://www.ral-farben.de/out/ralfarben/img/thumbs/classic-35.png	RAL 2004	Reinorange	Pure orange	Orangé pur	Naranja puro	Arancio puro	Zuiver oranje
https://www.ral-farben.de/out/ralfarben/img/thumbs/classic-36.png	RAL 2005	Leuchtorange	Luminous orange	Orangé brillant	Naranja brillante	Arancio brillante	Briljantoranje
https://www.ral-farben.de/out/ralfarben/img/thumbs/classic-37.png	RAL 2007	Leuchthell orange	Luminous bright orange	Orangé clair brillant	Naranja claro brillante	Arancio chiaro brillante	Briljant lichtoranje
https://www.ral-farben.de/out/ralfarben/img/thumbs/classic-38.png	RAL 2008	Hellrotorange	Bright red orange	Orangé rouge clair	Rojo claro anaranjado	Rosso arancio chiaro	Licht roodoranje
https://www.ral-farben.de/out/ralfarben/img/thumbs/classic-39.png	RAL 2009	Verkehrsorange	Traffic orange	Orangé signalisation	Naranja tráfico	Arancio traffico	Verkeersoranje
https://www.ral-farben.de/out/ralfarben/img/thumbs/classic-40.png	RAL 2010	Signalorange	Signal orange	Orangé de sécurité	Naranja señales	Arancio segnale	Signaaloranje
https://www.ral-farben.de/out/ralfarben/img/thumbs/classic-41.png	RAL 2011	Tieforange	Deep orange	Orangé foncé	Naranja intenso	Arancio profondo	Dieporanje
https://www.ral-farben.de/out/ralfarben/img/thumbs/classic-42.png	RAL 2012	Lachsorange	Salmon orange	Orangé saumon	Naranja salmón	Arancio salmone	Zalmoranje
https://www.ral-farben.de/out/ralfarben/img/thumbs/classic-43.png	RAL 2013	Perlorange	Pearl orange	Orangé nacré	Naranja perlado	Arancio perlato	Parelmoer oranje
https://www.ral-farben.de/out/ralfarben/img/thumbs/classic-44.png	RAL 3000	Feuerrot	Flame red	Rouge feu	Rojo vivo	Rosso fuoco	Vuurrood
https://www.ral-farben.de/out/ralfarben/img/thumbs/classic-45.png	RAL 3001	Signalrot	Signal red	Rouge de sécurité	Rojo señales	Rosso segnale	Signaalrood
https://www.ral-farben.de/out/ralfarben/img/thumbs/classic-46.png	RAL 3002	Karminrot	Carmine red	Rouge carmin	Rojo carmin	Rosso carminio	Karmijnrood
https://www.ral-farben.de/out/ralfarben/img/thumbs/classic-47.png	RAL 3003	Rubinrot	Ruby red	Rouge rubis	Rojo rubí	Rosso rubino	Robijnrood
https://www.ral-farben.de/out/ralfarben/img/thumbs/classic-48.png	RAL 3004	Purpurrot	Purple red	Rouge pourpre	Rojo púrpura	Rosso porpora	Purperrood
https://www.ral-farben.de/out/ralfarben/img/thumbs/classic-49.png	RAL 3005	Weinrot	Wine red	Rouge vin	Rojo vino	Rosso vino	Wijnrood
https://www.ral-farben.de/out/ralfarben/img/thumbs/classic-50.png	RAL 3007	Schwarzrot	Black red	Rouge noir	Rojo negruzco	Rosso nerastro	Zwartrood
https://www.ral-farben.de/out/ralfarben/img/thumbs/classic-51.png	RAL 3009	Oxidrot	Oxide red	Rouge oxyde	Rojo óxido	Rosso ossido	Oxyderood
https://www.ral-farben.de/out/ralfarben/img/thumbs/classic-52.png	RAL 3011	Braunrot	Brown red	Rouge brun	Rojo pardo	Rosso marrone	Bruinrood
https://www.ral-farben.de/out/ralfarben/img/thumbs/classic-53.png	RAL 3012	Beigerot	Beige red	Rouge beige	Rojo beige	Rosso beige	Beigerood
https://www.ral-farben.de/out/ralfarben/img/thumbs/classic-54.png	RAL 3013	Tomatenrot	Tomato red	Rouge tomate	Rojo tomate	Rosso pomodoro	Tomaatrood
https://www.ral-farben.de/out/ralfarben/img/thumbs/classic-55.png	RAL 3014	Altrosa	Antique pink	Vieux rose	Rojo viejo	Rosa antico	Oudroze
https://www.ral-farben.de/out/ralfarben/img/thumbs/classic-56.png	RAL 3015	Hellrosa	Light pink	Rose clair	Rosa claro	Rosa chiaro	Lichtroze
https://www.ral-farben.de/out/ralfarben/img/thumbs/classic-57.png	RAL 3016	Korallenrot	Coral red	Rouge corail	Rojo coral	Rosso corallo	Koraalrood
https://www.ral-farben.de/out/ralfarben/img/thumbs/classic-58.png	RAL 3017	Rosé	Rose	Rosé	Rosa	Rosato	Bleekrood
https://www.ral-farben.de/out/ralfarben/img/thumbs/classic-59.png	RAL 3018	Erdbeerrot	Strawberry red	Rouge fraise	Rojo fresa	Rosso fragola	Aardbeirood
https://www.ral-farben.de/out/ralfarben/img/thumbs/classic-60.png	RAL 3020	Verkehrsrot	Traffic red	Rouge signalisation	Rojo tráfico	Rosso traffico	Verkeersrood
https://www.ral-farben.de/out/ralfarben/img/thumbs/classic-61.png	RAL 3022	Lachsrot	Salmon pink	Rouge saumon	Rojo salmón	Rosso salmone	Zalmrood
https://www.ral-farben.de/out/ralfarben/img/thumbs/classic-62.png	RAL 3024	Leuchtrot	Luminous red	Rouge brillant	Rojo brillante	Rosso brillante	Briljantrood
https://www.ral-farben.de/out/ralfarben/img/thumbs/classic-63.png	RAL 3026	Leuchthellrot	Luminous bright red	Rouge clair brillant	Rojo claro brillante	Rosso chiaro brillante	Briljant lichtrood
https://www.ral-farben.de/out/ralfarben/img/thumbs/classic-64.png	RAL 3027	Himbeerrot	Raspberry red	Rouge framboise	Rojo frambuesa	Rosso lampone	Framboosrood
https://www.ral-farben.de/out/ralfarben/img/thumbs/classic-65.png	RAL 3028	Reinrot	Pure red	Rouge pu	Rojo puro 	Rosso puro	Zuiver rood
https://www.ral-farben.de/out/ralfarben/img/thumbs/classic-66.png	RAL 3031	Orientrot	Orient red	Rouge oriental	Rojo oriente	Rosso oriente	Oriëntrood
https://www.ral-farben.de/out/ralfarben/img/thumbs/classic-67.png	RAL 3032	Perlrubinrot	Pearl ruby red	Rouge rubis nacré	Rojo rubí perlado	Rosso rubino perlato	Parelmoer donkerrood
https://www.ral-farben.de/out/ralfarben/img/thumbs/classic-68.png	RAL 3033	Perlrosa	Pearl pink	Rose nacré	Rosa perlado	Rosa perlato	Parelmoer lichtrood
https://www.ral-farben.de/out/ralfarben/img/thumbs/classic-69.png	RAL 4001	Rotlila	Red lilac	Lilas rouge	Rojo lila	Lilla rossastro	Roodlila
https://www.ral-farben.de/out/ralfarben/img/thumbs/classic-70.png	RAL 4002	Rotviolett	Red violet	Violet rouge	Rojo violeta	Viola rossastro	Roodpaars
https://www.ral-farben.de/out/ralfarben/img/thumbs/classic-71.png	RAL 4003	Erikaviolett	Heather violet	Violet bruyère	Violeta érica	Viola erica	Heidepaars
https://www.ral-farben.de/out/ralfarben/img/thumbs/classic-72.png	RAL 4004	Bordeauxviolett	Claret violet	Violet bordeaux	Burdeos	Viola bordeaux	Bordeuaxpaars
https://www.ral-farben.de/out/ralfarben/img/thumbs/classic-73.png	RAL 4005	Blaulila	Blue lilac	Lilas bleu	Lila azulado	Lilla bluastro	Blauwlila
https://www.ral-farben.de/out/ralfarben/img/thumbs/classic-74.png	RAL 4006	Verkehrspurpur	Traffic purple	Pourpre signalisation	Púrpurá tráfico	Porpora traffico	Verkeerspurper
https://www.ral-farben.de/out/ralfarben/img/thumbs/classic-75.png	RAL 4007	Purpurviolett	Purple violet	Violet pourpre	Violeta púrpura	Porpora violetto	Purperviolet
https://www.ral-farben.de/out/ralfarben/img/thumbs/classic-76.png	RAL 4008	Signalviolett	Signal violet	Violet de sécurité	Violeta señales	Violetto segnale	Signaalviolet
https://www.ral-farben.de/out/ralfarben/img/thumbs/classic-77.png	RAL 4009	Pastellviolett	Pastel violet	Violet pastel	Violeta pastel	Violetto pastello	Pastelviolet
https://www.ral-farben.de/out/ralfarben/img/thumbs/classic-78.png	RAL 4010	Telemagenta	Telemagenta	Telemagenta	Magenta tele	Tele Magenta	Telemagenta
https://www.ral-farben.de/out/ralfarben/img/thumbs/classic-79.png	RAL 4011	Perlviolett	Pearl violet	Violet nacré	Violeta perlado	Violetto perlato	Parelmoer donkerviolet
https://www.ral-farben.de/out/ralfarben/img/thumbs/classic-80.png	RAL 4012	Perlbrombeer	Pearl blackberry	Mûre nacré	Morado perlado	Mora perlato	Parelmoer lichtviolet
https://www.ral-farben.de/out/ralfarben/img/thumbs/classic-81.png	RAL 5000	Violettblau	Violet blue	Bleu violet	Azul violeta	Blu violaceo	Paarsblauw
https://www.ral-farben.de/out/ralfarben/img/thumbs/classic-82.png	RAL 5001	Grünblau	Green blue	Bleu vert	Azul verdoso	Blu verdastro	Groenblauw
https://www.ral-farben.de/out/ralfarben/img/thumbs/classic-83.png	RAL 5002	Ultramarinblau	Ultramarine blue	Bleu outremer	Azul ultramar	Blu oltremare	Ultramarijn blauw
https://www.ral-farben.de/out/ralfarben/img/thumbs/classic-84.png	RAL 5003	Saphirblau	Sapphire blue	Bleu saphir	Azul zafiro	Blu zaffiro	Saffierblauw
https://www.ral-farben.de/out/ralfarben/img/thumbs/classic-85.png	RAL 5004	Schwarzblau	Black blue	Bleu noir	Azul negruzco	Blu nerastro	Zwartblauw
https://www.ral-farben.de/out/ralfarben/img/thumbs/classic-86.png	RAL 5005	Signalblau	Signal blue	Bleu de sécurité	Azul señales	Blu segnale	Signaalblauw
https://www.ral-farben.de/out/ralfarben/img/thumbs/classic-87.png	RAL 5007	Brillantblau	Brilliant blue	Bleu brillant	Azul brillante	Blu brillante	Briljantblauw
https://www.ral-farben.de/out/ralfarben/img/thumbs/classic-88.png	RAL 5008	Graublau	Grey blue	Bleu gris	Azul grisáceo	Blu grigiastro	Grijsblauw
https://www.ral-farben.de/out/ralfarben/img/thumbs/classic-89.png	RAL 5009	Azurblau	Azure blue	Bleu azur	Azul azur	Blu azzurro	Azuurblauw
https://www.ral-farben.de/out/ralfarben/img/thumbs/classic-90.png	RAL 5010	Enzianblau	Gentian blue	Bleu gentiane	Azul genciana	Blu genziana	Gentiaanblauw
https://www.ral-farben.de/out/ralfarben/img/thumbs/classic-91.png	RAL 5011	Stahlblau	Steel blue	Bleu acier	Azul acero	Blu acciaio	Staalblauw
https://www.ral-farben.de/out/ralfarben/img/thumbs/classic-92.png	RAL 5012	Lichtblau	Light blue	Bleu clair	Azul luminoso	Blu luce	Lichtblauw
https://www.ral-farben.de/out/ralfarben/img/thumbs/classic-93.png	RAL 5013	Kobaltblau	Cobalt blue	Bleu cobalt	Azul cobalto	Blu cobalto	Kobaltblauw
https://www.ral-farben.de/out/ralfarben/img/thumbs/classic-94.png	RAL 5014	Taubenblau	Pigeon blue	Bleu pigeon	Azul colombino	Blu colomba	Duifblauw
https://www.ral-farben.de/out/ralfarben/img/thumbs/classic-95.png	RAL 5015	Himmelblau	Sky blue	Bleu ciel	Azul celeste	Blu cielo	Hemelsblauw
https://www.ral-farben.de/out/ralfarben/img/thumbs/classic-96.png	RAL 5017	Verkehrsblau	Traffic blue	Bleu signalisation	Azul tráfico	Blu traffico	Verkeersblauw
https://www.ral-farben.de/out/ralfarben/img/thumbs/classic-97.png	RAL 5018	Türkisblau	Turquoise blue	Bleu turquoise	Azul turquesa	Blu turchese	Turkooisblauw
https://www.ral-farben.de/out/ralfarben/img/thumbs/classic-98.png	RAL 5019	Capriblau	Capri blue	Bleu capri	Azul capri	Blu Capri	Capriblauw
https://www.ral-farben.de/out/ralfarben/img/thumbs/classic-99.png	RAL 5020	Ozeanblau	Ocean blue	Bleu océan	Azul oceano	Blu oceano	Oceaanblauw
https://www.ral-farben.de/out/ralfarben/img/thumbs/classic-100.png	RAL 5021	Wasserblau	Water blue	Bleu d’eau	Azul agua	Blu acqua	Waterblauw
https://www.ral-farben.de/out/ralfarben/img/thumbs/classic-101.png	RAL 5022	Nachtblau	Night blue	Bleu nocturne	Azul noche	Blu notte	Nachtblauw
https://www.ral-farben.de/out/ralfarben/img/thumbs/classic-102.png	RAL 5023	Fernblau	Distant blue	Bleu distant	Azul lejanía	Blu distante	Verblauw
https://www.ral-farben.de/out/ralfarben/img/thumbs/classic-103.png	RAL 5024	Pastellblau	Pastel blue	Bleu pastel	Azul pastel	Blu pastello	Pastelblauw
https://www.ral-farben.de/out/ralfarben/img/thumbs/classic-104.png	RAL 5025	Perlenzian	Pearl gentian blue	Gentiane nacré	Gencian perlado	Blu genziana perlato	Parelmoer blauw
https://www.ral-farben.de/out/ralfarben/img/thumbs/classic-105.png	RAL 5026	Perlnachtblau	Pearl night blue	Bleu nuit nacré	Azul noche perlado	Blu notte perlato	Parelmoer nachtblauw
https://www.ral-farben.de/out/ralfarben/img/thumbs/classic-106.png	RAL 6000	Patinagrün	Patina green	Vert patine	Verde patina	Verde patina	Patinagroen
https://www.ral-farben.de/out/ralfarben/img/thumbs/classic-107.png	RAL 6001	Smaragdgrün	Emerald green	Vert émeraude	Verde esmeralda	Verde smeraldo	Smaragdgroen
https://www.ral-farben.de/out/ralfarben/img/thumbs/classic-108.png	RAL 6002	Laubgrün	Leaf green	Vert feuillage	Verde hoja	Verde foglia	Loofgroen
https://www.ral-farben.de/out/ralfarben/img/thumbs/classic-109.png	RAL 6003	Olivgrün	Olive green	Vert olive	Verde oliva	Verde oliva	Olijfgroen
https://www.ral-farben.de/out/ralfarben/img/thumbs/classic-110.png	RAL 6004	Blaugrün	Blue green	Vert bleu	Verde azulado	Verde bluastro	Blauwgroen
https://www.ral-farben.de/out/ralfarben/img/thumbs/classic-111.png	RAL 6005	Moosgrün	Moss green	Vert mousse	Verde musgo	Verde muschio	Mosgroen
https://www.ral-farben.de/out/ralfarben/img/thumbs/classic-112.png	RAL 6006	Grauoliv	Grey olive	Olive gris	Oliva grisáceo	Oliva grigiastro	Grijs olijfgroen
https://www.ral-farben.de/out/ralfarben/img/thumbs/classic-113.png	RAL 6007	Flaschengrün	Bottle green	Vert bouteille	Verde botella	Verde bottiglia	Flessengroen
https://www.ral-farben.de/out/ralfarben/img/thumbs/classic-114.png	RAL 6008	Braungrün	Brown green	Vert brun	Verde parduzco	Verde brunastro	Bruingroen
https://www.ral-farben.de/out/ralfarben/img/thumbs/classic-115.png	RAL 6009	Tannengrün	Fir green	Vert sapin	Verde abeto	Verde abete	Dennengroen
https://www.ral-farben.de/out/ralfarben/img/thumbs/classic-116.png	RAL 6010	Grasgrün	Grass green	Vert herbe	Verde hierba	Verde erba	Grasgroen
https://www.ral-farben.de/out/ralfarben/img/thumbs/classic-117.png	RAL 6011	Resedagrün	Reseda green	Vert réséda	Verde reseda	Verde reseda	Resedagroen
https://www.ral-farben.de/out/ralfarben/img/thumbs/classic-118.png	RAL 6012	Schwarzgrün	Black green	Vert noir	Verde negruzco	Verde nerastro	Zwartgroen
https://www.ral-farben.de/out/ralfarben/img/thumbs/classic-119.png	RAL 6013	Schilfgrün	Reed green	Vert jonc	Verde caña	Verde canna	Rietgroen
https://www.ral-farben.de/out/ralfarben/img/thumbs/classic-120.png	RAL 6014	Gelboliv	Yellow olive	Olive jaune	Amarillo oliva	Oliva giallastro	Geel olijfgroen
https://www.ral-farben.de/out/ralfarben/img/thumbs/classic-121.png	RAL 6015	Schwarzoliv	Black olive	Olive noir	Oliva negruzco	Oliva nerastro	Zwart olijfgroen
https://www.ral-farben.de/out/ralfarben/img/thumbs/classic-122.png	RAL 6016	Türkisgrün	Turquoise green	Vert turquoise	Verde turquesa	Verde turchese	Turkooisgroen
https://www.ral-farben.de/out/ralfarben/img/thumbs/classic-123.png	RAL 6017	Maigrün	May green	Vert mai	Verde mayo	Verde maggio	Meigroen
https://www.ral-farben.de/out/ralfarben/img/thumbs/classic-124.png	RAL 6018	Gelbgrün	Yellow green	Vert jaune	Verde amarillento	Verde giallastro	Geelgroen
https://www.ral-farben.de/out/ralfarben/img/thumbs/classic-125.png	RAL 6019	Weißgrün	Pastel green	Vert blanc	Verde blanquecino	Verde biancastro	Witgroen
https://www.ral-farben.de/out/ralfarben/img/thumbs/classic-126.png	RAL 6020	Chromoxidgrün	Chrome green	Vert oxyde chromique	Verde cromo	Verde cromo	Chroomoxyde groen
https://www.ral-farben.de/out/ralfarben/img/thumbs/classic-127.png	RAL 6021	Blassgrün	Pale green	Vert pâle	Verde pálido	Verde pallido	Bleekgroen
https://www.ral-farben.de/out/ralfarben/img/thumbs/classic-128.png	RAL 6022	Braunoliv	Olive drab	Olive brun	Oliva parduzco	Oliva brunastro	Bruin olijfgroen
https://www.ral-farben.de/out/ralfarben/img/thumbs/classic-129.png	RAL 6024	Verkehrsgrün	Traffic green	Vert signalisation	Verde tráfico	Verde traffico	Verkeersgroen
https://www.ral-farben.de/out/ralfarben/img/thumbs/classic-130.png	RAL 6025	Farngrün	Fern green	Vert fougère	Verde helecho	Verde felce	Varengroen
https://www.ral-farben.de/out/ralfarben/img/thumbs/classic-131.png	RAL 6026	Opalgrün	Opal green	Vert opale	Verde opalo	Verde opale	Opaalgroen
https://www.ral-farben.de/out/ralfarben/img/thumbs/classic-132.png	RAL 6027	Lichtgrün	Light green	Vert clair	Verde luminoso	Verde chiaro	Lichtgroen
https://www.ral-farben.de/out/ralfarben/img/thumbs/classic-133.png	RAL 6028	Kieferngrün	Pine green	Vert pin	Verde pino	Verde pino	Pijnboomgroen
https://www.ral-farben.de/out/ralfarben/img/thumbs/classic-134.png	RAL 6029	Minzgrün	Mint green	Vert menthe	Verde menta	Verde menta	Mintgroen
https://www.ral-farben.de/out/ralfarben/img/thumbs/classic-135.png	RAL 6032	Signalgrün	Signal green	Vert de sécurité	Verde señales	Verde segnale	Signaalgroen
https://www.ral-farben.de/out/ralfarben/img/thumbs/classic-136.png	RAL 6033	Minttürkis	Mint turquoise	Turquoise menthe	Turquesa menta	Turchese menta	Mintturquoise
https://www.ral-farben.de/out/ralfarben/img/thumbs/classic-137.png	RAL 6034	Pastelltürkis	Pastel turquoise	Turquoise pastel	Turquesa pastel	Turchese pastello	Pastelturquoise
https://www.ral-farben.de/out/ralfarben/img/thumbs/classic-138.png	RAL 6035	Perlgrün	Pearl green	Vert nacré	Verde perlado	Verde perlato	Parelmoer donkergroen
https://www.ral-farben.de/out/ralfarben/img/thumbs/classic-139.png	RAL 6036	Perlopalgrün	Pearl opal green	Vert opal nacré	Verde ópalo perlado	Verde opalo perlato	Parelmoer lichtgroen
https://www.ral-farben.de/out/ralfarben/img/thumbs/classic-140.png	RAL 6037	Reingrün	Pure green	Vert pur	Verde puro 	Verde puro	Zuiver groen
https://www.ral-farben.de/out/ralfarben/img/thumbs/classic-141.png	RAL 6038	Leuchtgrün	Luminous green	Vert brillant	Verde brillante 	Verde brillante	Briljantgroen
https://www.ral-farben.de/out/ralfarben/img/thumbs/classic-142.png	RAL 7000	Fehgrau	Squirrel grey	Gris petit-gris	Gris ardilla	Grigio vaio	Pelsgrijs
https://www.ral-farben.de/out/ralfarben/img/thumbs/classic-143.png	RAL 7001	Silbergrau	Silver grey	Gris argent	Gris plata	Grigio argento	Zilvergrijs
https://www.ral-farben.de/out/ralfarben/img/thumbs/classic-144.png	RAL 7002	Olivgrau	Olive grey	Gris olive	Gris oliva	Grigio olivastro	Olijfgrijs
https://www.ral-farben.de/out/ralfarben/img/thumbs/classic-145.png	RAL 7003	Moosgrau	Moss grey	Gris mousse	Gris musgo	Grigio muschio	Mosgrijs
https://www.ral-farben.de/out/ralfarben/img/thumbs/classic-146.png	RAL 7004	Signalgrau	Signal grey	Gris de sécurité	Gris señales	Grigio segnale	Signaalgrijs
https://www.ral-farben.de/out/ralfarben/img/thumbs/classic-147.png	RAL 7005	Mausgrau	Mouse grey	Gris souris	Gris ratón	Grigio topo	Muisgrijs
https://www.ral-farben.de/out/ralfarben/img/thumbs/classic-148.png	RAL 7006	Beigegrau	Beige grey	Gris beige	Gris beige	Grigio beige	Beigegrijs
https://www.ral-farben.de/out/ralfarben/img/thumbs/classic-149.png	RAL 7008	Khakigrau	Khaki grey	Gris kaki	Gris caqui	Grigio kaki	Kakigrijs
https://www.ral-farben.de/out/ralfarben/img/thumbs/classic-150.png	RAL 7009	Grüngrau	Green grey	Gris vert	Gris verdoso	Grigio verdastro	Groengrijs
https://www.ral-farben.de/out/ralfarben/img/thumbs/classic-151.png	RAL 7010	Zeltgrau	Tarpaulin grey	Gris tente	Gris lona	Grigio tenda	Zeildoekgrijs
https://www.ral-farben.de/out/ralfarben/img/thumbs/classic-152.png	RAL 7011	Eisengrau	Iron grey	Gris fer	Gris hierro	Grigio ferro	IJzergrijs
https://www.ral-farben.de/out/ralfarben/img/thumbs/classic-153.png	RAL 7012	Basaltgrau	Basalt grey	Gris basalte	Gris basalto	Grigio basalto	Bazaltgrijs
https://www.ral-farben.de/out/ralfarben/img/thumbs/classic-154.png	RAL 7013	Braungrau	Brown grey	Gris brun	Gris parduzco	Grigio brunastro	Bruingrijs
https://www.ral-farben.de/out/ralfarben/img/thumbs/classic-155.png	RAL 7015	Schiefergrau	Slate grey	Gris ardoise	Gris pizarra	Grigio ardesia	Leigrijs
https://www.ral-farben.de/out/ralfarben/img/thumbs/classic-156.png	RAL 7016	Anthrazitgrau	Anthracite grey	Gris anthracite	Gris antracita	Grigio antracite	Antracietgrijs
https://www.ral-farben.de/out/ralfarben/img/thumbs/classic-157.png	RAL 7021	Schwarzgrau	Black grey	Gris noir	Gris negruzco	Grigio nerastro	Zwartgrijs
https://www.ral-farben.de/out/ralfarben/img/thumbs/classic-158.png	RAL 7022	Umbragrau	Umbra grey	Gris terre d’ombre	Gris sombra	Grigio ombra	Ombergrijs
https://www.ral-farben.de/out/ralfarben/img/thumbs/classic-159.png	RAL 7023	Betongrau	Concrete grey	Gris béton	Gris hormigón	Grigio calcestruzzo	Betongrijs
https://www.ral-farben.de/out/ralfarben/img/thumbs/classic-160.png	RAL 7024	Graphitgrau	Graphite grey	Gris graphite	Gris grafita	Grigio grafite	Grafietgrijs
https://www.ral-farben.de/out/ralfarben/img/thumbs/classic-161.png	RAL 7026	Granitgrau	Granite grey	Gris granit	Gris granito	Grigio granito	Granietgrijs
https://www.ral-farben.de/out/ralfarben/img/thumbs/classic-162.png	RAL 7030	Steingrau	Stone grey	Gris pierre	Gris piedra	Grigio pietra	Steengrijs
https://www.ral-farben.de/out/ralfarben/img/thumbs/classic-163.png	RAL 7031	Blaugrau	Blue grey	Gris bleu	Gris azulado	Grigio bluastro	Blauwgrijs
https://www.ral-farben.de/out/ralfarben/img/thumbs/classic-164.png	RAL 7032	Kieselgrau	Pebble grey	Gris silex	Gris guijarro	Grigio ghiaia	Kiezelgrijs
https://www.ral-farben.de/out/ralfarben/img/thumbs/classic-165.png	RAL 7033	Zementgrau	Cement grey	Gris ciment	Gris cemento	Grigio cemento	Cementgrijs
https://www.ral-farben.de/out/ralfarben/img/thumbs/classic-166.png	RAL 7034	Gelbgrau	Yellow grey	Gris jaune	Gris amarillento	Grigio giallastro	Geelgrijs
https://www.ral-farben.de/out/ralfarben/img/thumbs/classic-167.png	RAL 7035	Lichtgrau	Light grey	Gris clair	Gris luminoso	Grigio luce	Lichtgrijs
https://www.ral-farben.de/out/ralfarben/img/thumbs/classic-168.png	RAL 7036	Platingrau	Platinum grey	Gris platine	Gris platino	Grigio platino	Platinagrijs
https://www.ral-farben.de/out/ralfarben/img/thumbs/classic-169.png	RAL 7037	Staubgrau	Dusty grey	Gris poussière	Gris polvo	Grigio polvere	Stofgrijs
https://www.ral-farben.de/out/ralfarben/img/thumbs/classic-170.png	RAL 7038	Achatgrau	Agate grey	Gris agate	Gris ágata	Grigio agata	Agaatgrijs
https://www.ral-farben.de/out/ralfarben/img/thumbs/classic-171.png	RAL 7039	Quarzgrau	Quartz grey	Gris quartz	Gris cuarzo	Grigio quarzo	Kwartsgrijs
https://www.ral-farben.de/out/ralfarben/img/thumbs/classic-172.png	RAL 7040	Fenstergrau	Window grey	Gris fenêtre	Gris ventana	Grigio finestra	Venstergrijs
https://www.ral-farben.de/out/ralfarben/img/thumbs/classic-173.png	RAL 7042	Verkehrsgrau A	Traffic grey A	Gris signalisation A	Gris tráfico A	Grigio traffico A	Verkeersgrijs A
https://www.ral-farben.de/out/ralfarben/img/thumbs/classic-174.png	RAL 7043	Verkehrsgrau B	Traffic grey B	Gris signalisation B	Gris tráfico B	Grigio traffico B	Verkeersgrijs B
https://www.ral-farben.de/out/ralfarben/img/thumbs/classic-175.png	RAL 7044	Seidengrau	Silk grey	Gris soie	Gris seda	Grigio seta	Zijdegrijs
https://www.ral-farben.de/out/ralfarben/img/thumbs/classic-176.png	RAL 7045	Telegrau 1	Telegrey 1	Telegris 1	Gris tele 1	Grigio tele 1	Telegrijs 1
https://www.ral-farben.de/out/ralfarben/img/thumbs/classic-177.png	RAL 7046	Telegrau 2	Telegrey 2	Telegris 2	Gris tele 2	Grigio tele 2	Telegrijs 2
https://www.ral-farben.de/out/ralfarben/img/thumbs/classic-178.png	RAL 7047	Telegrau 4	Telegrey 4	Telegris 4	Gris tele 4	Grigio tele 4	Telegrijs 4
https://www.ral-farben.de/out/ralfarben/img/thumbs/classic-179.png	RAL 7048	Perlmausgrau	Pearl mouse grey	Gris souris nacré	Gris musgo perlado	Grigio topo perlato	Parelmoer muisgrijs
https://www.ral-farben.de/out/ralfarben/img/thumbs/classic-180.png	RAL 8000	Grünbraun	Green brown	Brun vert	Pardo verdoso	Marrone verdastro	Groenbruin
https://www.ral-farben.de/out/ralfarben/img/thumbs/classic-181.png	RAL 8001	Ockerbraun	Ochre brown	Brun terre de Sienne	Pardo ocre	Marrone ocra	Okerbruin
https://www.ral-farben.de/out/ralfarben/img/thumbs/classic-182.png	RAL 8002	Signalbraun	Signal brown	Brun de sécurité	Marrón señales	Marrone segnale	Signaalbruin
https://www.ral-farben.de/out/ralfarben/img/thumbs/classic-183.png	RAL 8003	Lehmbraun	Clay brown	Brun argile	Pardo arcilla	Marrone fango	Leembruin
https://www.ral-farben.de/out/ralfarben/img/thumbs/classic-184.png	RAL 8004	Kupferbraun	Copper brown	Brun cuivré	Pardo cobre	Marrone rame	Koperbruin
https://www.ral-farben.de/out/ralfarben/img/thumbs/classic-185.png	RAL 8007	Rehbraun	Fawn brown	Brun fauve	Pardo corzo	Marrone capriolo	Reebruin
https://www.ral-farben.de/out/ralfarben/img/thumbs/classic-186.png	RAL 8008	Olivbraun	Olive brown	Brun olive	Pardo oliva	Marrone oliva	Olijfbruin
https://www.ral-farben.de/out/ralfarben/img/thumbs/classic-187.png	RAL 8011	Nussbraun	Nut brown	Brun noisette	Pardo nuez	Marrone noce	Notenbruin
https://www.ral-farben.de/out/ralfarben/img/thumbs/classic-188.png	RAL 8012	Rotbraun	Red brown	Brun rouge	Pardo rojo	Marrone rossiccio	Roodbruin
https://www.ral-farben.de/out/ralfarben/img/thumbs/classic-189.png	RAL 8014	Sepiabraun	Sepia brown	Brun sépia	Sepia	Marrone seppia	Sepiabruin
https://www.ral-farben.de/out/ralfarben/img/thumbs/classic-190.png	RAL 8015	Kastanienbraun	Chestnut brown	Marron	Castaño	Marrone castagna	Kastanjebruin
https://www.ral-farben.de/out/ralfarben/img/thumbs/classic-191.png	RAL 8016	Mahagonibraun	Mahogany brown	Brun acajou	Caoba	Marrone mogano	Mahoniebruin
https://www.ral-farben.de/out/ralfarben/img/thumbs/classic-192.png	RAL 8017	Schokoladenbraun	Chocolate brown	Brun chocolat	Chocolate	Marrone cioccolata	Chocoladebruin
https://www.ral-farben.de/out/ralfarben/img/thumbs/classic-193.png	RAL 8019	Graubraun	Grey brown	Brun gris	Pardo grisáceo	Marrone grigiastro	Grijsbruin
https://www.ral-farben.de/out/ralfarben/img/thumbs/classic-194.png	RAL 8022	Schwarzbraun	Black brown	Brun noir	Pardo negruzco	Marrone nerastro	Zwartbruin
https://www.ral-farben.de/out/ralfarben/img/thumbs/classic-195.png	RAL 8023	Orangebraun	Orange brown	Brun orangé	Pardo anaranjado	Marrone arancio	Oranjebruin
https://www.ral-farben.de/out/ralfarben/img/thumbs/classic-196.png	RAL 8024	Beigebraun	Beige brown	Brun beige	Pardo beige	Marrone beige	Beigebruin
https://www.ral-farben.de/out/ralfarben/img/thumbs/classic-197.png	RAL 8025	Blassbraun	Pale brown	Brun pâle	Pardo pálido	Marrone pallido	Bleekbruin
https://www.ral-farben.de/out/ralfarben/img/thumbs/classic-198.png	RAL 8028	Terrabraun	Terra brown	Brun terre	Marrón tierra	Marrone terra	Terrabruin
https://www.ral-farben.de/out/ralfarben/img/thumbs/classic-199.png	RAL 8029	Perlkupfer	Pearl copper	Cuivre nacré	Cobre perlado	Rame perlato	Parelmoer koper
https://www.ral-farben.de/out/ralfarben/img/thumbs/classic-200.png	RAL 9001	Cremeweiß	Cream	Blanc crème	Blanco crema	Bianco crema	Crèmewit
https://www.ral-farben.de/out/ralfarben/img/thumbs/classic-201.png	RAL 9002	Grauweiß	Grey white	Blanc gris	Blanco grisáceo	Bianco grigiastro	Grijswit
https://www.ral-farben.de/out/ralfarben/img/thumbs/classic-202.png	RAL 9003	Signalweiß	Signal white	Blanc de sécurité	Blanco señales	Bianco segnale	Signaalwit
https://www.ral-farben.de/out/ralfarben/img/thumbs/classic-203.png	RAL 9004	Signalschwarz	Signal black	Noir de sécurité	Negro señales	Nero segnale	Signaalzwart
https://www.ral-farben.de/out/ralfarben/img/thumbs/classic-204.png	RAL 9005	Tiefschwarz	Jet black	Noir foncé	Negro intenso	Nero intenso	Gitzwart
https://www.ral-farben.de/out/ralfarben/img/thumbs/classic-205.png	RAL 9006	Weißaluminium	White aluminium	Aluminium blanc	Aluminio blanco	Alluminio brillante	Blank aluminiumkleurig
https://www.ral-farben.de/out/ralfarben/img/thumbs/classic-206.png	RAL 9007	Graualuminium	Grey aluminium	Aluminium gris	Aluminio gris	Alluminio grigiastro	Grijs aluminiumkleurig
https://www.ral-farben.de/out/ralfarben/img/thumbs/classic-207.png	RAL 9010	Reinweiß	Pure white	Blanc pur	Blanco puro	Bianco puro	Zuiver wit
https://www.ral-farben.de/out/ralfarben/img/thumbs/classic-208.png	RAL 9011	Graphitschwarz	Graphite black	Noir graphite	Negro grafito	Nero grafite	Grafietzwart
https://www.ral-farben.de/out/ralfarben/img/thumbs/classic-209.png	RAL 9016	Verkehrsweiß	Traffic white	Blanc signalisation	Blanco tráfico	Bianco traffico	Verkeerswit
https://www.ral-farben.de/out/ralfarben/img/thumbs/classic-210.png	RAL 9017	Verkehrsschwarz	Traffic black	Noir signalisation	Negro tráfico	Nero traffico	Verkeerszwart
https://www.ral-farben.de/out/ralfarben/img/thumbs/classic-211.png	RAL 9018	Papyrusweiß	Papyrus white	Blanc papyrus	Blanco papiro	Bianco papiro	Papyruswit
https://www.ral-farben.de/out/ralfarben/img/thumbs/classic-212.png	RAL 9022	Perlhellgrau	Pearl light grey	Gris clair nacré	Gris claro perlado	Grigio chiaro perlato	Parelmoer lichtgrijs
https://www.ral-farben.de/out/ralfarben/img/thumbs/classic-213.png	RAL 9023	Perldunkelgrau	Pearl dark grey	Gris fonçé nacré	Gris oscuro perlado	Grigio scuro perlato	Parelmoer donkergrijs
