URL	HHH LL CC
https://www.ral-farben.de/out/ralfarben/img/thumbs/plastics-p2-1.png	000 15 00-P
https://www.ral-farben.de/out/ralfarben/img/thumbs/plastics-p2-2.png	000 40 00-P
https://www.ral-farben.de/out/ralfarben/img/thumbs/plastics-p2-3.png	000 55 00-P
https://www.ral-farben.de/out/ralfarben/img/thumbs/plastics-p2-4.png	000 55 00-P-T
https://www.ral-farben.de/out/ralfarben/img/thumbs/plastics-p2-5.png	000 85 00-P
https://www.ral-farben.de/out/ralfarben/img/thumbs/plastics-p2-6.png	010 30 44-P
https://www.ral-farben.de/out/ralfarben/img/thumbs/plastics-p2-7.png	010 40 53-P
https://www.ral-farben.de/out/ralfarben/img/thumbs/plastics-p2-8.png	010 40 53-P-T
https://www.ral-farben.de/out/ralfarben/img/thumbs/plastics-p2-9.png	010 60 45-P
https://www.ral-farben.de/out/ralfarben/img/thumbs/plastics-p2-10.png	010 80 20-P
https://www.ral-farben.de/out/ralfarben/img/thumbs/plastics-p2-11.png	020 20 20-P
https://www.ral-farben.de/out/ralfarben/img/thumbs/plastics-p2-12.png	020 30 40-P
https://www.ral-farben.de/out/ralfarben/img/thumbs/plastics-p2-13.png	020 50 58-P
https://www.ral-farben.de/out/ralfarben/img/thumbs/plastics-p2-14.png	020 50 58-P-T
https://www.ral-farben.de/out/ralfarben/img/thumbs/plastics-p2-15.png	020 90 10-P
https://www.ral-farben.de/out/ralfarben/img/thumbs/plastics-p2-16.png	030 30 20-P
https://www.ral-farben.de/out/ralfarben/img/thumbs/plastics-p2-17.png	030 40 30-P
https://www.ral-farben.de/out/ralfarben/img/thumbs/plastics-p2-18.png	030 40 30-P-T
https://www.ral-farben.de/out/ralfarben/img/thumbs/plastics-p2-19.png	030 60 30-P
https://www.ral-farben.de/out/ralfarben/img/thumbs/plastics-p2-20.png	030 80 10-P
https://www.ral-farben.de/out/ralfarben/img/thumbs/plastics-p2-21.png	040 30 40-P
https://www.ral-farben.de/out/ralfarben/img/thumbs/plastics-p2-22.png	040 50 60-P
https://www.ral-farben.de/out/ralfarben/img/thumbs/plastics-p2-23.png	040 50 60-P-T
https://www.ral-farben.de/out/ralfarben/img/thumbs/plastics-p2-24.png	040 60 60-P
https://www.ral-farben.de/out/ralfarben/img/thumbs/plastics-p2-25.png	040 80 20-P
https://www.ral-farben.de/out/ralfarben/img/thumbs/plastics-p2-26.png	050 30 30-P
https://www.ral-farben.de/out/ralfarben/img/thumbs/plastics-p2-27.png	050 50 50-P
https://www.ral-farben.de/out/ralfarben/img/thumbs/plastics-p2-28.png	050 50 78-P
https://www.ral-farben.de/out/ralfarben/img/thumbs/plastics-p2-29.png	050 50 78-P-T
https://www.ral-farben.de/out/ralfarben/img/thumbs/plastics-p2-30.png	050 80 20-P
https://www.ral-farben.de/out/ralfarben/img/thumbs/plastics-p2-31.png	060 30 27-P
https://www.ral-farben.de/out/ralfarben/img/thumbs/plastics-p2-32.png	060 50 50-P
https://www.ral-farben.de/out/ralfarben/img/thumbs/plastics-p2-33.png	060 60 80-P
https://www.ral-farben.de/out/ralfarben/img/thumbs/plastics-p2-34.png	060 60 80-P-T
https://www.ral-farben.de/out/ralfarben/img/thumbs/plastics-p2-35.png	060 80 30-P
https://www.ral-farben.de/out/ralfarben/img/thumbs/plastics-p2-36.png	070 40 40-P
https://www.ral-farben.de/out/ralfarben/img/thumbs/plastics-p2-37.png	070 70 80-P
https://www.ral-farben.de/out/ralfarben/img/thumbs/plastics-p2-38.png	070 70 80-P-T
https://www.ral-farben.de/out/ralfarben/img/thumbs/plastics-p2-39.png	070 80 50-P
https://www.ral-farben.de/out/ralfarben/img/thumbs/plastics-p2-40.png	070 90 10-P
https://www.ral-farben.de/out/ralfarben/img/thumbs/plastics-p2-41.png	075 40 38-P
https://www.ral-farben.de/out/ralfarben/img/thumbs/plastics-p2-42.png	075 60 70-P
https://www.ral-farben.de/out/ralfarben/img/thumbs/plastics-p2-43.png	075 60 70-P-T
https://www.ral-farben.de/out/ralfarben/img/thumbs/plastics-p2-44.png	075 80 20-P
https://www.ral-farben.de/out/ralfarben/img/thumbs/plastics-p2-45.png	075 80 60-P
https://www.ral-farben.de/out/ralfarben/img/thumbs/plastics-p2-46.png	080 30 26-P
https://www.ral-farben.de/out/ralfarben/img/thumbs/plastics-p2-47.png	080 50 40-P
https://www.ral-farben.de/out/ralfarben/img/thumbs/plastics-p2-48.png	080 70 50-P
https://www.ral-farben.de/out/ralfarben/img/thumbs/plastics-p2-49.png	080 70 50-P-T
https://www.ral-farben.de/out/ralfarben/img/thumbs/plastics-p2-50.png	080 80 20-P
https://www.ral-farben.de/out/ralfarben/img/thumbs/plastics-p2-51.png	085 40 20-P
https://www.ral-farben.de/out/ralfarben/img/thumbs/plastics-p2-52.png	085 60 60-P
https://www.ral-farben.de/out/ralfarben/img/thumbs/plastics-p2-53.png	085 80 85-P
https://www.ral-farben.de/out/ralfarben/img/thumbs/plastics-p2-54.png	085 80 85-P-T
https://www.ral-farben.de/out/ralfarben/img/thumbs/plastics-p2-55.png	085 90 10-P
https://www.ral-farben.de/out/ralfarben/img/thumbs/plastics-p2-56.png	090 50 40-P
https://www.ral-farben.de/out/ralfarben/img/thumbs/plastics-p2-57.png	090 70 80-P
https://www.ral-farben.de/out/ralfarben/img/thumbs/plastics-p2-58.png	090 80 90-P
https://www.ral-farben.de/out/ralfarben/img/thumbs/plastics-p2-59.png	090 80 90-P-T
https://www.ral-farben.de/out/ralfarben/img/thumbs/plastics-p2-60.png	090 90 30-P
https://www.ral-farben.de/out/ralfarben/img/thumbs/plastics-p2-61.png	095 50 50-P
https://www.ral-farben.de/out/ralfarben/img/thumbs/plastics-p2-62.png	095 60 70-P
https://www.ral-farben.de/out/ralfarben/img/thumbs/plastics-p2-63.png	095 60 70-P-T
https://www.ral-farben.de/out/ralfarben/img/thumbs/plastics-p2-64.png	095 70 70-P
https://www.ral-farben.de/out/ralfarben/img/thumbs/plastics-p2-65.png	095 90 40-P
https://www.ral-farben.de/out/ralfarben/img/thumbs/plastics-p2-66.png	100 40 40-P
https://www.ral-farben.de/out/ralfarben/img/thumbs/plastics-p2-67.png	100 60 60-P
https://www.ral-farben.de/out/ralfarben/img/thumbs/plastics-p2-68.png	100 80 70-P
https://www.ral-farben.de/out/ralfarben/img/thumbs/plastics-p2-69.png	100 80 70-P-T
https://www.ral-farben.de/out/ralfarben/img/thumbs/plastics-p2-70.png	100 90 40-P
https://www.ral-farben.de/out/ralfarben/img/thumbs/plastics-p2-71.png	110 50 55-P
https://www.ral-farben.de/out/ralfarben/img/thumbs/plastics-p2-72.png	110 70 70-P
https://www.ral-farben.de/out/ralfarben/img/thumbs/plastics-p2-73.png	110 70 70-P-T
https://www.ral-farben.de/out/ralfarben/img/thumbs/plastics-p2-74.png	110 80 70-P
https://www.ral-farben.de/out/ralfarben/img/thumbs/plastics-p2-75.png	110 90 30-P
https://www.ral-farben.de/out/ralfarben/img/thumbs/plastics-p2-76.png	120 40 40-P
https://www.ral-farben.de/out/ralfarben/img/thumbs/plastics-p2-77.png	120 50 40-P
https://www.ral-farben.de/out/ralfarben/img/thumbs/plastics-p2-78.png	120 60 60-P
https://www.ral-farben.de/out/ralfarben/img/thumbs/plastics-p2-79.png	120 60 60-P-T
https://www.ral-farben.de/out/ralfarben/img/thumbs/plastics-p2-80.png	120 80 30-P
https://www.ral-farben.de/out/ralfarben/img/thumbs/plastics-p2-81.png	130 30 20-P
https://www.ral-farben.de/out/ralfarben/img/thumbs/plastics-p2-82.png	130 60 50-P
https://www.ral-farben.de/out/ralfarben/img/thumbs/plastics-p2-83.png	130 60 50-P-T
https://www.ral-farben.de/out/ralfarben/img/thumbs/plastics-p2-84.png	130 80 40-P
https://www.ral-farben.de/out/ralfarben/img/thumbs/plastics-p2-85.png	130 90 10-P
https://www.ral-farben.de/out/ralfarben/img/thumbs/plastics-p2-86.png	140 20 20-P
https://www.ral-farben.de/out/ralfarben/img/thumbs/plastics-p2-87.png	140 40 50-P
https://www.ral-farben.de/out/ralfarben/img/thumbs/plastics-p2-88.png	140 60 70-P
https://www.ral-farben.de/out/ralfarben/img/thumbs/plastics-p2-89.png	140 60 70-P-T
https://www.ral-farben.de/out/ralfarben/img/thumbs/plastics-p2-90.png	140 80 20-P
https://www.ral-farben.de/out/ralfarben/img/thumbs/plastics-p2-91.png	150 30 20-P
https://www.ral-farben.de/out/ralfarben/img/thumbs/plastics-p2-92.png	150 30 20-P-T
https://www.ral-farben.de/out/ralfarben/img/thumbs/plastics-p2-93.png	150 50 20-P
https://www.ral-farben.de/out/ralfarben/img/thumbs/plastics-p2-94.png	150 60 20-P
https://www.ral-farben.de/out/ralfarben/img/thumbs/plastics-p2-95.png	150 70 10-P
https://www.ral-farben.de/out/ralfarben/img/thumbs/plastics-p2-96.png	160 30 40-P
https://www.ral-farben.de/out/ralfarben/img/thumbs/plastics-p2-97.png	160 50 60-P
https://www.ral-farben.de/out/ralfarben/img/thumbs/plastics-p2-98.png	160 50 60-P-T
https://www.ral-farben.de/out/ralfarben/img/thumbs/plastics-p2-99.png	160 70 45-P
https://www.ral-farben.de/out/ralfarben/img/thumbs/plastics-p2-100.png	160 80 30-P
https://www.ral-farben.de/out/ralfarben/img/thumbs/plastics-p2-101.png	170 30 20-P
https://www.ral-farben.de/out/ralfarben/img/thumbs/plastics-p2-102.png	170 30 20-P-T
https://www.ral-farben.de/out/ralfarben/img/thumbs/plastics-p2-103.png	170 40 20-P
https://www.ral-farben.de/out/ralfarben/img/thumbs/plastics-p2-104.png	170 60 20-P
https://www.ral-farben.de/out/ralfarben/img/thumbs/plastics-p2-105.png	170 80 10-P
https://www.ral-farben.de/out/ralfarben/img/thumbs/plastics-p2-106.png	180 40 45-P
https://www.ral-farben.de/out/ralfarben/img/thumbs/plastics-p2-107.png	180 60 50-P
https://www.ral-farben.de/out/ralfarben/img/thumbs/plastics-p2-108.png	180 60 50-P-T
https://www.ral-farben.de/out/ralfarben/img/thumbs/plastics-p2-109.png	180 70 25-P
https://www.ral-farben.de/out/ralfarben/img/thumbs/plastics-p2-110.png	180 90 10-P
https://www.ral-farben.de/out/ralfarben/img/thumbs/plastics-p2-111.png	190 30 20-P
https://www.ral-farben.de/out/ralfarben/img/thumbs/plastics-p2-112.png	190 30 20-P-T
https://www.ral-farben.de/out/ralfarben/img/thumbs/plastics-p2-113.png	190 40 20-P
https://www.ral-farben.de/out/ralfarben/img/thumbs/plastics-p2-114.png	190 50 20-P
https://www.ral-farben.de/out/ralfarben/img/thumbs/plastics-p2-115.png	190 70 20-P
https://www.ral-farben.de/out/ralfarben/img/thumbs/plastics-p2-116.png	200 30 33-P
https://www.ral-farben.de/out/ralfarben/img/thumbs/plastics-p2-117.png	200 50 45-P
https://www.ral-farben.de/out/ralfarben/img/thumbs/plastics-p2-118.png	200 50 45-P
https://www.ral-farben.de/out/ralfarben/img/thumbs/plastics-p2-119.png	200 60 35-P
https://www.ral-farben.de/out/ralfarben/img/thumbs/plastics-p2-120.png	200 80 10-P
https://www.ral-farben.de/out/ralfarben/img/thumbs/plastics-p2-121.png	210 40 20-P
https://www.ral-farben.de/out/ralfarben/img/thumbs/plastics-p2-122.png	210 50 20-P
https://www.ral-farben.de/out/ralfarben/img/thumbs/plastics-p2-123.png	210 60 30-P
https://www.ral-farben.de/out/ralfarben/img/thumbs/plastics-p2-124.png	210 70 35-P
https://www.ral-farben.de/out/ralfarben/img/thumbs/plastics-p2-125.png	210 70 35-P-T
https://www.ral-farben.de/out/ralfarben/img/thumbs/plastics-p2-126.png	220 30 30-P
https://www.ral-farben.de/out/ralfarben/img/thumbs/plastics-p2-127.png	220 40 40-P
https://www.ral-farben.de/out/ralfarben/img/thumbs/plastics-p2-128.png	220 40 40-P-T
https://www.ral-farben.de/out/ralfarben/img/thumbs/plastics-p2-129.png	220 50 40-P
https://www.ral-farben.de/out/ralfarben/img/thumbs/plastics-p2-130.png	220 70 35-P
https://www.ral-farben.de/out/ralfarben/img/thumbs/plastics-p2-131.png	230 30 25-P
https://www.ral-farben.de/out/ralfarben/img/thumbs/plastics-p2-132.png	230 40 20-P
https://www.ral-farben.de/out/ralfarben/img/thumbs/plastics-p2-133.png	230 50 30-P
https://www.ral-farben.de/out/ralfarben/img/thumbs/plastics-p2-134.png	230 50 30-P-T
https://www.ral-farben.de/out/ralfarben/img/thumbs/plastics-p2-135.png	230 70 20-P
https://www.ral-farben.de/out/ralfarben/img/thumbs/plastics-p2-136.png	240 20 22-P
https://www.ral-farben.de/out/ralfarben/img/thumbs/plastics-p2-137.png	240 30 35-P
https://www.ral-farben.de/out/ralfarben/img/thumbs/plastics-p2-138.png	240 60 40-P
https://www.ral-farben.de/out/ralfarben/img/thumbs/plastics-p2-139.png	240 60 40-P
https://www.ral-farben.de/out/ralfarben/img/thumbs/plastics-p2-140.png	240 80 20-P
https://www.ral-farben.de/out/ralfarben/img/thumbs/plastics-p2-141.png	250 30 20-P
https://www.ral-farben.de/out/ralfarben/img/thumbs/plastics-p2-142.png	250 50 30-P
https://www.ral-farben.de/out/ralfarben/img/thumbs/plastics-p2-143.png	250 50 30-P-T
https://www.ral-farben.de/out/ralfarben/img/thumbs/plastics-p2-144.png	250 60 30-P
https://www.ral-farben.de/out/ralfarben/img/thumbs/plastics-p2-145.png	250 80 20-P
https://www.ral-farben.de/out/ralfarben/img/thumbs/plastics-p2-146.png	260 20 20-P
https://www.ral-farben.de/out/ralfarben/img/thumbs/plastics-p2-147.png	260 40 45-P
https://www.ral-farben.de/out/ralfarben/img/thumbs/plastics-p2-148.png	260 40 45-P-T
https://www.ral-farben.de/out/ralfarben/img/thumbs/plastics-p2-149.png	260 50 40-P
https://www.ral-farben.de/out/ralfarben/img/thumbs/plastics-p2-150.png	260 80 15-P
https://www.ral-farben.de/out/ralfarben/img/thumbs/plastics-p2-151.png	270 30 20-P
https://www.ral-farben.de/out/ralfarben/img/thumbs/plastics-p2-152.png	270 30 20-P-T
https://www.ral-farben.de/out/ralfarben/img/thumbs/plastics-p2-153.png	270 40 20-P
https://www.ral-farben.de/out/ralfarben/img/thumbs/plastics-p2-154.png	270 60 20-P
https://www.ral-farben.de/out/ralfarben/img/thumbs/plastics-p2-155.png	270 70 10-P
https://www.ral-farben.de/out/ralfarben/img/thumbs/plastics-p2-156.png	280 30 40-P
https://www.ral-farben.de/out/ralfarben/img/thumbs/plastics-p2-157.png	280 30 40-P-T
https://www.ral-farben.de/out/ralfarben/img/thumbs/plastics-p2-158.png	280 40 40-P
https://www.ral-farben.de/out/ralfarben/img/thumbs/plastics-p2-159.png	280 50 30-P
https://www.ral-farben.de/out/ralfarben/img/thumbs/plastics-p2-160.png	280 80 10-P
https://www.ral-farben.de/out/ralfarben/img/thumbs/plastics-p2-161.png	290 30 30-P
https://www.ral-farben.de/out/ralfarben/img/thumbs/plastics-p2-162.png	290 30 30-P-T
https://www.ral-farben.de/out/ralfarben/img/thumbs/plastics-p2-163.png	290 50 30-P
https://www.ral-farben.de/out/ralfarben/img/thumbs/plastics-p2-164.png	290 60 20-P
https://www.ral-farben.de/out/ralfarben/img/thumbs/plastics-p2-165.png	290 70 10-P
https://www.ral-farben.de/out/ralfarben/img/thumbs/plastics-p2-166.png	300 20 30-P
https://www.ral-farben.de/out/ralfarben/img/thumbs/plastics-p2-167.png	300 40 40-P
https://www.ral-farben.de/out/ralfarben/img/thumbs/plastics-p2-168.png	300 40 40-P-T
https://www.ral-farben.de/out/ralfarben/img/thumbs/plastics-p2-169.png	300 70 20-P
https://www.ral-farben.de/out/ralfarben/img/thumbs/plastics-p2-170.png	300 90 05-P
https://www.ral-farben.de/out/ralfarben/img/thumbs/plastics-p2-171.png	310 40 20-P
https://www.ral-farben.de/out/ralfarben/img/thumbs/plastics-p2-172.png	310 50 30-P
https://www.ral-farben.de/out/ralfarben/img/thumbs/plastics-p2-173.png	310 50 30-P-T
https://www.ral-farben.de/out/ralfarben/img/thumbs/plastics-p2-174.png	310 60 20-P
https://www.ral-farben.de/out/ralfarben/img/thumbs/plastics-p2-175.png	310 70 10-P
https://www.ral-farben.de/out/ralfarben/img/thumbs/plastics-p2-176.png	320 20 20-P
https://www.ral-farben.de/out/ralfarben/img/thumbs/plastics-p2-177.png	320 30 37-P
https://www.ral-farben.de/out/ralfarben/img/thumbs/plastics-p2-178.png	320 30 37-P-T
https://www.ral-farben.de/out/ralfarben/img/thumbs/plastics-p2-179.png	320 50 30-P
https://www.ral-farben.de/out/ralfarben/img/thumbs/plastics-p2-180.png	320 80 15-P
https://www.ral-farben.de/out/ralfarben/img/thumbs/plastics-p2-181.png	330 30 20-P
https://www.ral-farben.de/out/ralfarben/img/thumbs/plastics-p2-182.png	330 50 40-P
https://www.ral-farben.de/out/ralfarben/img/thumbs/plastics-p2-183.png	330 50 40-P-T
https://www.ral-farben.de/out/ralfarben/img/thumbs/plastics-p2-184.png	330 60 20-P
https://www.ral-farben.de/out/ralfarben/img/thumbs/plastics-p2-185.png	330 70 10-P
https://www.ral-farben.de/out/ralfarben/img/thumbs/plastics-p2-186.png	340 30 38-P
https://www.ral-farben.de/out/ralfarben/img/thumbs/plastics-p2-187.png	340 40 45-P
https://www.ral-farben.de/out/ralfarben/img/thumbs/plastics-p2-188.png	340 40 45-P-T
https://www.ral-farben.de/out/ralfarben/img/thumbs/plastics-p2-189.png	340 60 40-P
https://www.ral-farben.de/out/ralfarben/img/thumbs/plastics-p2-190.png	340 80 20-P
https://www.ral-farben.de/out/ralfarben/img/thumbs/plastics-p2-191.png	350 20 20-P
https://www.ral-farben.de/out/ralfarben/img/thumbs/plastics-p2-192.png	350 40 20-P
https://www.ral-farben.de/out/ralfarben/img/thumbs/plastics-p2-193.png	350 50 40-P
https://www.ral-farben.de/out/ralfarben/img/thumbs/plastics-p2-194.png	350 50 40-P-T
https://www.ral-farben.de/out/ralfarben/img/thumbs/plastics-p2-195.png	350 60 20-P
https://www.ral-farben.de/out/ralfarben/img/thumbs/plastics-p2-196.png	360 30 15-P
https://www.ral-farben.de/out/ralfarben/img/thumbs/plastics-p2-197.png	360 30 30-P
https://www.ral-farben.de/out/ralfarben/img/thumbs/plastics-p2-198.png	360 50 40-P
https://www.ral-farben.de/out/ralfarben/img/thumbs/plastics-p2-199.png	360 50 40-P-T
https://www.ral-farben.de/out/ralfarben/img/thumbs/plastics-p2-200.png	360 70 15-P
